-1.707697957754135132e-01,-5.504204705357551575e-02,1.030530482530593872e-01,9.204398840665817261e-02,-7.020191848278045654e-02,-1.461728662252426147e-01,4.862659052014350891e-02,7.011719793081283569e-02,2.166763395071029663e-01,2.389903664588928223e-01,5.100378021597862244e-02,1.774404942989349365e-01,1.297318935394287109e-01,2.252700179815292358e-01,2.946398258209228516e-01,5.469006672501564026e-02,7.429261505603790283e-02,-1.328066438436508179e-01,1.498698741197586060e-01,7.120458036661148071e-02,1.252496689558029175e-01,-8.550835400819778442e-02,-1.724262535572052002e-01,-3.970601037144660950e-02,2.537886202335357666e-01,-1.773559898138046265e-01,1.920472458004951477e-02,-8.638323843479156494e-02,-2.148418128490447998e-01,-9.033349156379699707e-02,5.882886424660682678e-02,-7.070873398333787918e-03
-1.383577287197113037e-01,1.903133243322372437e-01,1.731744706630706787e-01,-3.290819749236106873e-02,1.863968819379806519e-01,2.221726477146148682e-01,-2.647226452827453613e-01,2.334954142570495605e-01,-2.392314523458480835e-01,-3.682252392172813416e-02,-8.911529928445816040e-02,1.401174366474151611e-01,1.019595339894294739e-01,-7.071647793054580688e-02,-4.754232987761497498e-02,-9.723827242851257324e-02,-2.083317041397094727e-01,9.919670224189758301e-02,-9.767666459083557129e-02,-5.559175834059715271e-02,-1.854854077100753784e-02,2.103606760501861572e-01,-2.330125123262405396e-01,-2.001729011535644531e-01,1.149639487266540527e-01,2.938502728939056396e-01,3.067271709442138672e-01,-3.430922515690326691e-04,-9.535724669694900513e-02,3.268449306488037109e-01,1.612309068441390991e-01,1.560449004173278809e-01
-1.078272163867950439e-01,-1.422274857759475708e-01,5.758542194962501526e-02,3.931452706456184387e-02,-1.105194613337516785e-01,-8.799875527620315552e-02,-1.670786589384078979e-01,3.495346754789352417e-02,2.017696201801300049e-01,-1.682257801294326782e-01,2.563270740211009979e-03,2.430851608514785767e-01,-1.804042160511016846e-01,2.614210247993469238e-01,-1.847351789474487305e-01,8.793666958808898926e-02,1.741265356540679932e-01,-1.982255876064300537e-01,-1.311860233545303345e-02,-1.134235784411430359e-01,-1.079712957143783569e-01,1.322733014822006226e-01,-1.937029659748077393e-01,-2.744667232036590576e-02,1.406656652688980103e-01,1.410043984651565552e-01,1.104105934500694275e-01,2.770378589630126953e-01,1.686220467090606689e-01,2.414812296628952026e-01,-4.367239773273468018e-02,-9.714954346418380737e-02
-1.651722490787506104e-01,1.925160139799118042e-01,1.313134580850601196e-01,1.732300370931625366e-01,2.240830659866333008e-01,-3.660196661949157715e-01,-1.341922134160995483e-01,2.497922331094741821e-01,-6.369107216596603394e-02,2.887965738773345947e-01,1.594545692205429077e-01,-3.473402187228202820e-02,-1.290342863649129868e-02,-2.496220767498016357e-01,-2.173703461885452271e-01,6.661643087863922119e-02,2.474946901202201843e-02,2.396119832992553711e-01,6.666042655706405640e-02,-8.223339915275573730e-02,2.391232252120971680e-01,1.759531050920486450e-01,-6.220301985740661621e-02,9.264123439788818359e-02,1.852999031543731689e-01,2.384078651666641235e-01,-1.121823489665985107e-01,-1.450208127498626709e-01,5.464547127485275269e-02,-1.547267138957977295e-01,1.612597554922103882e-01,-2.413163781166076660e-01
-1.364241242408752441e-01,-1.634492725133895874e-01,6.854392588138580322e-02,1.581346243619918823e-01,2.424111515283584595e-01,4.955987632274627686e-02,-9.243512898683547974e-02,2.757735252380371094e-01,1.144253611564636230e-01,1.673633232712745667e-02,3.737457394599914551e-01,-1.297528594732284546e-01,2.059368938207626343e-01,-1.522308290004730225e-01,1.034684944897890091e-03,-2.477969974279403687e-01,-4.491648450493812561e-02,7.308147847652435303e-02,-1.874847710132598877e-01,-2.627609111368656158e-02,-3.338706120848655701e-02,1.361402869224548340e-01,-7.381527870893478394e-02,7.341030240058898926e-02,2.304290235042572021e-01,1.411199271678924561e-01,-7.384174317121505737e-02,-1.416371613740921021e-01,-2.580104768276214600e-01,2.034675627946853638e-01,2.606707513332366943e-01,-1.202347800135612488e-01
1.186983380466699600e-02,5.803482234477996826e-02,-4.468341171741485596e-02,2.420462816953659058e-01,-3.369225934147834778e-02,-1.453121900558471680e-01,1.820328272879123688e-02,-3.730735508725047112e-03,-1.302600502967834473e-01,-1.332750171422958374e-01,2.020130455493927002e-01,1.715323776006698608e-01,-8.197947591543197632e-02,-1.272080242633819580e-01,-2.090162485837936401e-01,-1.645629107952117920e-02,-1.549171060323715210e-01,2.833618223667144775e-02,-2.036070823669433594e-01,2.130032032728195190e-01,-1.431779712438583374e-01,2.644612789154052734e-01,-1.064064130187034607e-01,1.400969922542572021e-01,1.128040775656700134e-01,1.138181611895561218e-01,9.833551943302154541e-02,-2.544307410717010498e-01,2.254999279975891113e-01,1.030674502253532410e-01,2.216085940599441528e-01,-1.943225562572479248e-01
1.811736375093460083e-01,1.231416314840316772e-01,5.596020817756652832e-02,2.218080461025238037e-01,1.447908729314804077e-01,-5.403466895222663879e-02,-2.594715654850006104e-01,2.207871824502944946e-01,5.540189146995544434e-02,-1.889263391494750977e-01,2.565174400806427002e-01,-5.906111001968383789e-02,-2.136623114347457886e-02,1.820561885833740234e-01,1.505393385887145996e-01,1.972442865371704102e-02,-8.388317376375198364e-02,-1.204748004674911499e-01,-1.331208795309066772e-01,1.977138370275497437e-01,4.749016091227531433e-02,2.371110208332538605e-02,-6.333715864457190037e-04,-2.415235191583633423e-01,1.118259876966476440e-01,-2.280445396900177002e-01,1.653286963701248169e-01,-7.658055424690246582e-02,1.743691265583038330e-01,-4.770721867680549622e-02,-3.931701183319091797e-02,7.765744626522064209e-02
-6.769150495529174805e-02,-1.400288194417953491e-01,2.165079116821289062e-02,-4.199920222163200378e-02,1.312301605939865112e-01,-5.491968989372253418e-02,-2.851544693112373352e-02,9.696300327777862549e-02,-1.854355260729789734e-02,1.624511033296585083e-01,2.660156227648258209e-02,2.941729426383972168e-01,-2.229718118906021118e-01,4.119308292865753174e-02,2.192054837942123413e-01,1.223781853914260864e-01,2.400211095809936523e-01,-1.814101785421371460e-01,-4.517658054828643799e-02,1.382670253515243530e-01,-1.834925562143325806e-01,5.836103856563568115e-02,4.551355540752410889e-02,-6.762154866009950638e-03,-1.802037954330444336e-01,-1.427885740995407104e-01,-1.174330115318298340e-01,1.694511622190475464e-01,-2.287808507680892944e-01,-6.019635498523712158e-02,1.157475709915161133e-01,2.688711881637573242e-01
1.014963611960411072e-01,9.040796011686325073e-02,-1.291093528270721436e-01,-5.988824740052223206e-02,-1.879508048295974731e-02,-2.125489711761474609e-01,-7.362267374992370605e-02,-4.574380442500114441e-02,3.233978152275085449e-01,-3.528806939721107483e-02,3.364286422729492188e-01,-2.073580920696258545e-01,9.393862634897232056e-02,2.315746545791625977e-01,7.731569930911064148e-03,3.922009468078613281e-02,-1.818401515483856201e-01,5.161422491073608398e-02,-1.098676174879074097e-01,-9.517092257738113403e-02,7.590058259665966034e-03,6.950099766254425049e-02,-1.540648937225341797e-01,-2.209890037775039673e-01,-1.401840001344680786e-01,3.185659050941467285e-01,-5.328441411256790161e-02,2.930645346641540527e-01,3.199682235717773438e-01,1.190544962882995605e-01,-1.592973023653030396e-01,2.354052066802978516e-01
-6.261545419692993164e-02,3.583063930273056030e-02,-2.682471871376037598e-01,2.272698581218719482e-01,-8.273665606975555420e-02,-1.651855744421482086e-02,1.267352402210235596e-01,8.269571512937545776e-02,2.117854356765747070e-01,-1.803318411111831665e-01,2.583309412002563477e-01,2.902035415172576904e-01,-2.287205904722213745e-01,1.812926307320594788e-02,6.798779219388961792e-02,1.746970601379871368e-02,-2.005631104111671448e-02,6.761060655117034912e-02,-7.717090845108032227e-02,-2.951042354106903076e-01,-1.117012128233909607e-01,-1.675169318914413452e-01,-1.637223511934280396e-01,5.343440547585487366e-02,-2.420005202293395996e-01,-8.654428273439407349e-02,-7.471989840269088745e-02,2.323488444089889526e-01,-2.251541428267955780e-02,-1.581676304340362549e-01,-5.900391563773155212e-02,-3.881292790174484253e-02
1.052732989192008972e-01,-1.623555868864059448e-01,-3.734087198972702026e-02,2.916914522647857666e-01,1.764893233776092529e-01,9.477452933788299561e-02,-1.651481837034225464e-01,-1.221233699470758438e-02,1.099100150167942047e-02,2.909179031848907471e-01,-1.585542261600494385e-01,1.528023630380630493e-01,-9.231734275817871094e-02,-2.482419312000274658e-01,6.379205733537673950e-02,-3.590473160147666931e-02,-5.013148859143257141e-02,-7.086411118507385254e-02,-2.715898752212524414e-01,-2.939372956752777100e-01,-6.391952186822891235e-02,2.057081609964370728e-01,-1.675364822149276733e-01,-2.348768860101699829e-01,2.169168442487716675e-01,-2.406801581382751465e-01,1.700513064861297607e-01,1.023349165916442871e-01,-2.376594394445419312e-01,2.746005058288574219e-01,2.222336232662200928e-01,-3.024081289768218994e-01
2.408108413219451904e-01,-2.766630798578262329e-02,2.611396312713623047e-01,-1.978334188461303711e-01,7.614046335220336914e-02,-2.236654311418533325e-01,1.543395221233367920e-01,2.941001355648040771e-01,-2.134525179862976074e-01,5.210019648075103760e-02,-1.100378260016441345e-01,-1.405783593654632568e-01,3.255854845046997070e-01,1.245825439691543579e-01,-2.340448796749114990e-01,-1.532829552888870239e-02,1.234294548630714417e-01,2.220855951309204102e-01,1.298982799053192139e-01,-6.016633659601211548e-02,1.439323723316192627e-01,3.936444595456123352e-02,2.493690550327301025e-01,2.931908667087554932e-01,-1.984743326902389526e-01,6.367135792970657349e-02,1.943346858024597168e-01,-1.987651139497756958e-01,-1.331568658351898193e-01,2.491028606891632080e-02,-1.819235980510711670e-01,1.021636929363012314e-02
1.393878459930419922e-01,9.436689317226409912e-02,-1.578846871852874756e-01,1.358435750007629395e-01,1.696680337190628052e-01,-1.011416688561439514e-01,-5.365199595689773560e-02,2.280631810426712036e-01,2.867845296859741211e-01,-6.672497838735580444e-02,8.876334130764007568e-02,2.258290648460388184e-01,-2.466409653425216675e-02,-5.040308460593223572e-02,4.527245461940765381e-02,-9.833460301160812378e-02,9.332266449928283691e-02,-1.292745321989059448e-01,-1.225615516304969788e-01,-2.256781011819839478e-01,1.612930744886398315e-01,8.618037402629852295e-02,9.476610273122787476e-02,-9.434357285499572754e-02,-1.977070719003677368e-01,1.326434761285781860e-01,-2.736797928810119629e-01,-4.230905696749687195e-02,1.536649465560913086e-01,2.684622406959533691e-01,2.917368113994598389e-01,2.146129161119461060e-01
2.480933219194412231e-01,-2.282938808202743530e-01,-1.803935766220092773e-01,-1.428460627794265747e-01,-1.612242758274078369e-01,6.744656711816787720e-02,2.787306904792785645e-01,2.097770720720291138e-01,2.209821045398712158e-01,2.257009595632553101e-01,-2.875125408172607422e-01,-1.998612731695175171e-01,2.291933596134185791e-01,-3.423842489719390869e-01,1.538930833339691162e-01,-4.266302566975355148e-03,4.689297452569007874e-02,-9.553036093711853027e-02,2.972839176654815674e-01,1.515855789184570312e-01,-3.137972578406333923e-02,-2.033542245626449585e-01,-1.331632584333419800e-01,1.114976629614830017e-01,8.743055164813995361e-02,5.551273375749588013e-02,2.548230290412902832e-01,-1.047854870557785034e-01,1.541162580251693726e-01,-6.597352027893066406e-02,3.048982322216033936e-01,-1.851019710302352905e-01
3.584891930222511292e-02,2.352021634578704834e-01,1.984003335237503052e-01,-1.939096748828887939e-01,2.084747105836868286e-01,-4.096496850252151489e-02,2.530051469802856445e-01,-1.589039862155914307e-01,-4.662001878023147583e-02,-2.574340673163533211e-03,1.169787123799324036e-01,-1.721559613943099976e-01,1.253026351332664490e-02,7.743585109710693359e-02,2.010305672883987427e-01,-1.812019348144531250e-01,1.532710343599319458e-01,-1.239701919257640839e-02,-3.642325103282928467e-02,1.852986067533493042e-01,1.346761435270309448e-01,2.176324725151062012e-01,-1.525585204362869263e-01,2.375249564647674561e-01,-1.359368860721588135e-01,-1.393728107213973999e-01,-1.849160343408584595e-01,-2.478447556495666504e-01,-1.023844815790653229e-03,1.455065608024597168e-02,-2.109911441802978516e-01,1.895030736923217773e-01
-3.076805733144283295e-02,-1.145607307553291321e-01,-1.350878030061721802e-01,4.937171936035156250e-02,8.202879130840301514e-02,1.725504696369171143e-01,-1.996287554502487183e-01,3.351795375347137451e-01,-7.608616352081298828e-02,7.802676409482955933e-02,2.415102571249008179e-01,2.787257730960845947e-01,1.468332558870315552e-01,-7.015434093773365021e-03,5.756428092718124390e-02,-2.097223550081253052e-01,1.510611623525619507e-01,-1.880457699298858643e-01,-2.099257111549377441e-01,-1.080642044544219971e-01,1.684905439615249634e-01,-2.610493898391723633e-01,-1.490998119115829468e-01,2.646881341934204102e-01,-6.285434961318969727e-02,1.589827090501785278e-01,2.097302526235580444e-01,1.703801304101943970e-01,1.610001772642135620e-01,5.171837657690048218e-02,1.882997900247573853e-02,2.974220365285873413e-02
-2.559501826763153076e-01,-2.894541025161743164e-01,-1.379098445177078247e-01,1.707402467727661133e-01,-1.597841978073120117e-01,9.869905561208724976e-02,-9.798189997673034668e-02,-6.011117622256278992e-02,-2.398620843887329102e-01,3.124125003814697266e-01,-1.464626286178827286e-02,-2.201337069272994995e-01,2.253545671701431274e-01,2.658128440380096436e-01,1.951941400766372681e-01,-9.128678590059280396e-02,-1.768592149019241333e-01,-2.966203987598419189e-01,-2.335353642702102661e-01,5.374730005860328674e-02,9.010384976863861084e-02,-2.663595676422119141e-01,1.801106780767440796e-01,-1.464423984289169312e-01,1.412008404731750488e-01,-1.189684346318244934e-01,2.077876180410385132e-01,-1.798266470432281494e-01,-5.411057546734809875e-02,-9.312843531370162964e-02,1.131991446018218994e-01,-1.289910674095153809e-01
1.713051199913024902e-01,9.448137879371643066e-02,1.054479181766510010e-01,3.816793486475944519e-02,2.049344182014465332e-01,-2.277668714523315430e-01,-7.777123153209686279e-02,-1.825652867555618286e-01,5.045754089951515198e-02,-1.971698552370071411e-01,2.355739921331405640e-01,3.639624416828155518e-01,2.732857763767242432e-01,3.204897642135620117e-01,-3.105295896530151367e-01,-1.968657970428466797e-02,-1.186411753296852112e-01,-7.258756086230278015e-03,-1.402344703674316406e-01,1.074402779340744019e-01,-1.628839373588562012e-01,2.308579161763191223e-02,-1.221926435828208923e-01,-1.883229762315750122e-01,-3.101024627685546875e-01,-9.637005627155303955e-03,-2.116604447364807129e-01,1.344486624002456665e-01,3.588495850563049316e-01,-4.808986932039260864e-02,3.569515049457550049e-02,3.487269282341003418e-01
-1.412053108215332031e-01,-2.128242850303649902e-01,2.012960463762283325e-01,2.690419852733612061e-01,-2.110868692398071289e-01,-1.221860200166702271e-01,-1.214892975986003876e-02,9.931225329637527466e-02,-1.688670068979263306e-01,-9.902142919600009918e-03,-1.955716013908386230e-01,1.522882878780364990e-01,-5.439694598317146301e-02,1.023702919483184814e-01,1.263286322355270386e-01,1.599204391241073608e-01,-2.197903990745544434e-01,-1.646628826856613159e-01,1.181466728448867798e-01,1.354598701000213623e-01,1.091847270727157593e-01,-1.261278390884399414e-01,-7.787604629993438721e-02,2.940095588564872742e-02,8.991350978612899780e-02,-6.942000240087509155e-02,2.524279952049255371e-01,4.879492893815040588e-02,1.648673787713050842e-02,2.425911575555801392e-01,-2.274497896432876587e-01,2.297909557819366455e-01
-1.371724754571914673e-01,1.191263943910598755e-01,3.850589692592620850e-01,-1.678771227598190308e-01,1.637055277824401855e-01,1.438318043947219849e-01,-2.345939278602600098e-01,-1.283425092697143555e-01,-2.520932629704475403e-02,5.957377143204212189e-03,-2.064243257045745850e-01,6.262700259685516357e-02,1.427982449531555176e-01,2.108292579650878906e-01,1.724508553743362427e-01,1.023483052849769592e-01,1.654123663902282715e-01,2.737846970558166504e-01,2.498219311237335205e-01,-2.818012535572052002e-01,-1.103332340717315674e-01,-9.682420641183853149e-03,-1.639388650655746460e-01,2.074874341487884521e-01,1.653444766998291016e-01,-1.517564058303833008e-01,-8.920623804442584515e-04,-1.716137528419494629e-01,3.206533491611480713e-01,2.908741831779479980e-01,2.144285738468170166e-01,-1.469773799180984497e-01
5.263235792517662048e-02,1.260200589895248413e-01,-1.860838532447814941e-01,2.447395175695419312e-01,1.334083527326583862e-01,-7.512697577476501465e-02,2.698590159416198730e-01,1.015104949474334717e-01,2.066508829593658447e-01,-1.554179638624191284e-01,-1.828855872154235840e-01,-1.863777637481689453e-01,1.358387470245361328e-01,-1.251511871814727783e-01,-4.994832724332809448e-02,9.229990839958190918e-02,2.816509455442428589e-02,-7.069972902536392212e-02,2.460305094718933105e-01,1.095883771777153015e-01,-2.051873356103897095e-01,1.954412013292312622e-01,-1.804067343473434448e-01,8.771967887878417969e-02,1.198159679770469666e-01,3.268399536609649658e-01,2.457948029041290283e-01,2.329312413930892944e-01,3.211356699466705322e-02,-2.778879133984446526e-03,-1.724358797073364258e-01,-1.039958298206329346e-01
7.997643947601318359e-02,2.232936620712280273e-01,-1.138731371611356735e-02,-1.859490275382995605e-01,5.438930913805961609e-02,5.823137611150741577e-02,2.612432241439819336e-01,5.836423486471176147e-02,-5.004712939262390137e-02,1.817857921123504639e-01,-1.893226057291030884e-01,9.273882955312728882e-02,2.039862424135208130e-01,-2.134004384279251099e-01,-1.389188785105943680e-02,1.489313840866088867e-01,-1.413818597793579102e-01,-4.132352396845817566e-02,-5.096242204308509827e-02,2.448811382055282593e-01,-2.552638389170169830e-02,-2.072643637657165527e-01,1.825302839279174805e-01,5.933196097612380981e-02,2.623220682144165039e-01,4.702235385775566101e-02,9.344769269227981567e-02,2.558067739009857178e-01,-7.125308271497488022e-03,1.360541880130767822e-01,-8.448910713195800781e-02,1.532836109399795532e-01
3.048949837684631348e-01,-3.163177147507667542e-02,-2.308310121297836304e-01,-1.093575060367584229e-01,-5.807752534747123718e-02,1.379531770944595337e-01,1.621530354022979736e-01,1.930809319019317627e-01,1.106047555804252625e-01,-1.404140889644622803e-01,1.886884272098541260e-01,4.386419430375099182e-02,-9.049424529075622559e-02,-2.836533784866333008e-01,1.056933179497718811e-01,1.884055882692337036e-01,-2.575958669185638428e-01,1.169056221842765808e-01,5.079098418354988098e-02,2.520256638526916504e-01,-6.496448814868927002e-02,-1.579645723104476929e-01,-1.115977950394153595e-02,1.320065557956695557e-01,1.095406115055084229e-01,1.680452823638916016e-01,-2.375820279121398926e-01,2.403272837400436401e-01,-5.311115644872188568e-03,-1.969988644123077393e-01,1.209070309996604919e-01,2.718844711780548096e-01
-7.729475852102041245e-03,-1.372449547052383423e-01,2.053693383932113647e-01,-2.341253459453582764e-01,1.848908513784408569e-01,1.757650524377822876e-01,-8.067609369754791260e-02,-1.774063706398010254e-02,-1.371624767780303955e-01,3.377583324909210205e-01,1.486074328422546387e-01,-2.163917571306228638e-01,-2.288765087723731995e-02,-1.549700945615768433e-01,1.749155372381210327e-01,5.689946934580802917e-02,-1.857500225305557251e-01,2.480731010437011719e-01,3.078253865242004395e-01,-1.047340258955955505e-01,-1.328668277710676193e-02,1.303055137395858765e-01,-5.161026865243911743e-02,6.240420415997505188e-02,-6.627108156681060791e-02,1.097776181995868683e-02,1.162231042981147766e-01,-2.519982755184173584e-01,3.201779425144195557e-01,-2.076710909605026245e-01,-1.339349597692489624e-01,2.026707120239734650e-02
1.048785671591758728e-01,8.883465826511383057e-02,8.441603183746337891e-02,-2.044356167316436768e-01,1.543021798133850098e-01,3.099017441272735596e-01,2.507650554180145264e-01,2.069458514451980591e-01,-7.906302809715270996e-03,-8.817242830991744995e-02,1.536806523799896240e-01,1.124106720089912415e-01,-8.048269897699356079e-02,1.717411130666732788e-01,2.221462130546569824e-01,1.633111536502838135e-01,-1.242976263165473938e-01,1.662462949752807617e-01,2.780182063579559326e-01,1.278337985277175903e-01,-1.494587659835815430e-01,4.530559107661247253e-02,-5.597173585556447506e-04,-1.878353059291839600e-01,2.984929680824279785e-01,-1.954061686992645264e-01,2.306544035673141479e-01,1.868003904819488525e-01,2.859499454498291016e-01,-3.022848069667816162e-02,2.582411766052246094e-01,2.473340630531311035e-01
-1.893839240074157715e-01,2.361868023872375488e-01,-3.885650038719177246e-01,2.649872004985809326e-01,-1.288614422082901001e-01,-9.494171291589736938e-02,-6.957339495420455933e-02,-2.507103383541107178e-01,-8.875110000371932983e-02,-1.097814589738845825e-01,-1.460304260253906250e-01,-2.383580803871154785e-01,-2.422877550125122070e-01,-2.487209290266036987e-01,1.788107603788375854e-01,7.009790092706680298e-02,-2.100869566202163696e-01,-1.806214004755020142e-01,5.474681034684181213e-02,-1.756794452667236328e-01,-5.459424480795860291e-02,3.280020952224731445e-01,5.525606684386730194e-03,7.103551179170608521e-02,3.449095413088798523e-02,-2.362279891967773438e-01,2.874374948441982269e-02,8.935596793889999390e-02,-1.404926925897598267e-01,3.300975859165191650e-01,2.889756858348846436e-01,6.803863495588302612e-02
-2.512431144714355469e-01,1.046203374862670898e-01,-1.488940864801406860e-01,-4.919055476784706116e-02,-1.757045388221740723e-01,2.306146323680877686e-01,1.854307949542999268e-01,4.521787911653518677e-02,-1.461906284093856812e-01,-3.447355469688773155e-03,-2.494193762540817261e-01,9.598807990550994873e-02,-4.562298953533172607e-02,-1.311160027980804443e-01,3.890678659081459045e-02,1.996343284845352173e-01,2.226070500910282135e-02,-2.827730178833007812e-01,2.037455327808856964e-02,-1.123121455311775208e-01,-4.526251927018165588e-03,-5.389403551816940308e-02,-4.490544274449348450e-02,-1.813874393701553345e-01,1.771360486745834351e-01,-2.270926088094711304e-01,9.090194944292306900e-04,-9.174683131277561188e-03,-1.372653990983963013e-01,3.309039026498794556e-02,-6.813102215528488159e-02,2.211662381887435913e-02
1.525839697569608688e-02,-8.991178870201110840e-02,6.524274498224258423e-02,1.376847624778747559e-01,9.986924380064010620e-02,1.274034827947616577e-01,-2.350997030735015869e-01,1.931920200586318970e-01,1.642838865518569946e-02,-2.009467929601669312e-01,3.165616840124130249e-02,3.936674073338508606e-02,-2.855080962181091309e-01,-1.065072864294052124e-01,1.961807310581207275e-01,-1.932388991117477417e-01,-2.421609610319137573e-01,1.266152709722518921e-01,2.946091294288635254e-01,2.655110955238342285e-01,-4.385308548808097839e-02,1.417540609836578369e-01,1.443171501159667969e-01,-8.754987269639968872e-03,-1.514238771051168442e-02,9.703107178211212158e-03,-2.332985252141952515e-01,-2.446144074201583862e-01,1.375830620527267456e-01,1.544571369886398315e-01,4.855675995349884033e-02,-1.249226555228233337e-02
-8.247562497854232788e-02,-4.047274291515350342e-01,3.999140486121177673e-02,1.042838841676712036e-01,1.715485192835330963e-02,-2.256969064474105835e-01,-5.545046925544738770e-02,1.131112575531005859e-01,2.684412896633148193e-01,-5.171969998627901077e-03,1.004193276166915894e-01,-1.118305996060371399e-01,-2.554504573345184326e-01,-1.352892443537712097e-02,6.711363792419433594e-02,2.900160662829875946e-02,9.076318144798278809e-02,8.132114261388778687e-02,1.763690263032913208e-01,2.403220161795616150e-02,8.947315067052841187e-02,2.567705512046813965e-01,1.513315737247467041e-01,2.327413707971572876e-01,3.471355736255645752e-01,-2.900871634483337402e-01,-7.003074511885643005e-03,-3.718904852867126465e-01,2.524062395095825195e-01,-1.321372687816619873e-01,4.473626911640167236e-01,-1.974797248840332031e-01
-1.093240007758140564e-01,7.953029870986938477e-02,-1.777315288782119751e-01,1.756415814161300659e-01,1.061331704258918762e-01,-1.697922684252262115e-02,-1.765231043100357056e-01,1.862919330596923828e-01,9.581716358661651611e-02,-6.725702434778213501e-02,-1.868114024400711060e-01,1.176967024803161621e-01,2.531601190567016602e-01,1.045669689774513245e-01,-2.591939866542816162e-01,1.682528406381607056e-01,7.785541564226150513e-02,-1.392485350370407104e-01,6.067965924739837646e-02,-1.891682893037796021e-01,-1.146799921989440918e-01,3.627365082502365112e-02,3.008382022380828857e-02,2.628019750118255615e-01,-1.944193243980407715e-01,3.565889000892639160e-01,1.610853075981140137e-01,1.784898787736892700e-01,-6.108486279845237732e-02,-8.483591675758361816e-02,-1.671492308378219604e-01,2.591555714607238770e-01
8.077934384346008301e-02,6.950566172599792480e-02,-2.336931228637695312e-01,5.150026828050613403e-02,-2.812372744083404541e-01,-2.518407106399536133e-01,2.441210448741912842e-01,9.543193876743316650e-02,3.847735524177551270e-01,-1.644736230373382568e-01,1.836152523756027222e-01,-1.927903592586517334e-01,-1.534616053104400635e-01,-1.278298161923885345e-02,-2.419951558113098145e-01,2.674714028835296631e-01,-2.982521243393421173e-02,-7.594793289899826050e-02,-5.051820725202560425e-02,-2.791888415813446045e-01,-1.781284213066101074e-01,1.126817762851715088e-01,1.136735454201698303e-01,-6.759336590766906738e-02,-6.055088341236114502e-02,6.121124140918254852e-03,1.392471790313720703e-01,-1.825877651572227478e-02,4.370280802249908447e-01,1.854304820299148560e-01,1.115205604583024979e-02,-1.833277568221092224e-02
8.506041020154953003e-02,-1.029292494058609009e-01,1.859840564429759979e-02,2.954529523849487305e-01,-1.900776773691177368e-01,8.487163484096527100e-02,-3.397420346736907959e-01,-3.187066614627838135e-01,3.579388856887817383e-01,1.336483955383300781e-01,-7.893168181180953979e-02,-2.340953052043914795e-01,-1.658220291137695312e-01,6.753844022750854492e-02,2.115058302879333496e-01,2.498945593833923340e-01,-1.863076388835906982e-01,1.936924606561660767e-01,5.218447744846343994e-02,9.315125644207000732e-02,-6.472628563642501831e-02,2.948165833950042725e-01,6.432302296161651611e-02,-8.713306486606597900e-02,4.557603970170021057e-02,2.406127564609050751e-02,-9.995166957378387451e-02,4.567549750208854675e-02,1.222343593835830688e-01,3.482350409030914307e-01,-1.538699418306350708e-01,-2.193609178066253662e-01
1.106697991490364075e-01,-5.532778427004814148e-02,-1.714994013309478760e-01,1.838302314281463623e-01,-1.262455582618713379e-01,1.465766727924346924e-01,2.768351733684539795e-01,2.655535042285919189e-01,-1.640386581420898438e-01,-1.120323315262794495e-01,3.928656876087188721e-02,1.362275779247283936e-01,-1.574579626321792603e-01,1.686144620180130005e-01,1.267263200134038925e-02,-1.869530826807022095e-01,2.324742823839187622e-01,-2.416114807128906250e-01,-1.274687945842742920e-01,3.404470905661582947e-02,-2.188319116830825806e-01,-1.166029199957847595e-01,9.685333818197250366e-02,-1.931037306785583496e-01,2.396074533462524414e-01,-2.136558592319488525e-01,-5.105047672986984253e-02,4.782469570636749268e-02,-9.944240003824234009e-02,-1.748247593641281128e-01,2.634758651256561279e-01,2.672983705997467041e-01
-1.187436357140541077e-01,-6.852456182241439819e-02,6.644393503665924072e-02,1.975671052932739258e-01,5.131403729319572449e-02,1.629380583763122559e-01,2.893431782722473145e-01,2.394995540380477905e-01,-2.309128195047378540e-01,2.813953757286071777e-01,-1.909189671277999878e-01,-2.677641212940216064e-01,1.277195364236831665e-01,2.665346562862396240e-01,-1.514287292957305908e-01,1.909868717193603516e-01,9.034261107444763184e-02,-1.776034235954284668e-01,-3.022810220718383789e-01,-2.566694617271423340e-01,-2.261456251144409180e-01,1.010061651468276978e-01,-4.892713204026222229e-02,-1.972162425518035889e-01,2.946282625198364258e-01,-1.355046629905700684e-01,2.919282019138336182e-01,6.559034436941146851e-02,-2.636182606220245361e-01,-1.489092409610748291e-01,7.613904774188995361e-02,-1.415325850248336792e-01
2.500803768634796143e-01,-1.773544400930404663e-01,1.963600814342498779e-01,1.734162122011184692e-01,-1.825070232152938843e-01,-2.605489790439605713e-01,6.338356435298919678e-02,7.145310193300247192e-02,-6.689972430467605591e-02,3.603481873869895935e-02,-3.316678702831268311e-01,1.189107913523912430e-02,-1.800671517848968506e-01,2.201154530048370361e-01,-1.355565041303634644e-01,1.597479581832885742e-01,-1.878079324960708618e-01,2.059515118598937988e-01,5.319571122527122498e-02,1.166390627622604370e-01,2.135671526193618774e-01,8.441031724214553833e-02,-2.116953432559967041e-01,7.597805559635162354e-02,3.296066522598266602e-01,1.668840497732162476e-01,1.574980020523071289e-01,-2.164160162210464478e-01,3.392327949404716492e-02,2.766146063804626465e-01,2.558564841747283936e-01,-6.777219474315643311e-02
2.118095457553863525e-01,-1.312521696090698242e-01,4.807986319065093994e-01,1.725774258375167847e-01,1.154753193259239197e-01,-1.505357474088668823e-01,-3.209090828895568848e-01,2.708216905593872070e-01,-2.293251752853393555e-01,-8.154206722974777222e-02,1.160019412636756897e-01,3.085352182388305664e-01,1.949909925460815430e-01,2.359436601400375366e-01,1.618664264678955078e-01,-1.296604722738265991e-01,8.422636985778808594e-02,-7.406929880380630493e-02,-3.499354049563407898e-02,1.712323725223541260e-01,-1.952513307332992554e-01,1.467523276805877686e-01,-7.598868757486343384e-02,1.895909458398818970e-01,-1.692985147237777710e-01,-5.667570233345031738e-02,2.440531924366950989e-02,1.075510084629058838e-01,-1.272195428609848022e-01,-1.302311271429061890e-01,1.467627435922622681e-01,1.109857037663459778e-01
-2.308073192834854126e-01,-2.256090641021728516e-01,1.674448102712631226e-01,1.909218430519104004e-01,2.539815008640289307e-01,1.894546151161193848e-01,-2.133937478065490723e-01,-5.917042493820190430e-02,2.311312220990657806e-02,2.418408542871475220e-01,-1.328015774488449097e-01,6.107629090547561646e-02,1.273609846830368042e-01,1.317320168018341064e-01,1.632779687643051147e-01,1.114139426499605179e-02,-1.758784353733062744e-01,1.353771090507507324e-01,2.279657572507858276e-01,1.027680858969688416e-01,1.965194195508956909e-01,8.931468427181243896e-02,-2.269243448972702026e-01,8.042081445455551147e-02,-5.368174985051155090e-02,-1.720567978918552399e-02,5.235249549150466919e-02,-1.283718496561050415e-01,-3.551463037729263306e-02,-2.806258946657180786e-02,-2.084807306528091431e-01,2.339260578155517578e-01
2.236656099557876587e-01,2.915780525654554367e-03,-1.312019228935241699e-01,-1.566389948129653931e-01,1.658238619565963745e-01,2.245355099439620972e-01,-1.375666111707687378e-01,-1.657028645277023315e-01,1.647775918245315552e-01,-1.965204477310180664e-01,-9.682589024305343628e-02,-4.759686440229415894e-02,-2.256166934967041016e-01,1.559273060411214828e-02,4.976976662874221802e-03,-2.884530425071716309e-01,-3.239659965038299561e-02,2.365679591894149780e-01,-9.275125712156295776e-02,1.423221826553344727e-01,1.200798749923706055e-01,-2.280780673027038574e-01,2.825346542522311211e-03,1.203300431370735168e-01,-1.883760243654251099e-01,-1.612779498100280762e-01,-2.405111938714981079e-01,1.211231276392936707e-01,2.562084197998046875e-01,2.821032404899597168e-01,1.344963209703564644e-03,5.300372838973999023e-02
2.032468914985656738e-01,1.076036319136619568e-01,-1.159523203969001770e-01,-2.051337212324142456e-01,1.692370474338531494e-01,6.088519841432571411e-02,2.430462986230850220e-01,-1.314623504877090454e-01,2.046570032835006714e-01,1.213400885462760925e-01,1.436502188444137573e-01,-4.126222431659698486e-02,-1.779011636972427368e-01,-2.843905091285705566e-01,2.677345871925354004e-01,8.889423310756683350e-02,1.136392503976821899e-01,-8.700800687074661255e-02,-2.771585481241345406e-03,-1.238130312412977219e-02,-1.445646863430738449e-03,-1.569661051034927368e-01,8.551436662673950195e-02,-2.846748568117618561e-02,9.365656971931457520e-02,-1.224637627601623535e-01,-1.936065852642059326e-01,2.820164263248443604e-01,-1.490027904510498047e-01,-6.981783360242843628e-02,-8.840508759021759033e-02,6.229598540812730789e-03
9.743872284889221191e-02,-7.418528944253921509e-02,6.690452247858047485e-02,-5.586432665586471558e-02,2.241886407136917114e-02,2.286231219768524170e-01,-2.607292123138904572e-02,-1.790881752967834473e-01,1.569925993680953979e-01,-1.083496361970901489e-01,-1.552157253026962280e-01,9.860661625862121582e-02,-1.867742091417312622e-01,-1.345614939928054810e-01,-1.829414963722229004e-01,2.403668165206909180e-01,-4.858384281396865845e-02,-2.154680155217647552e-02,-1.954838186502456665e-01,3.209111690521240234e-01,6.855835020542144775e-02,5.774146411567926407e-03,-2.546184696257114410e-02,-1.544414013624191284e-01,2.706987559795379639e-01,1.849996000528335571e-01,1.564477756619453430e-02,-2.268673628568649292e-01,-1.081761810928583145e-02,-3.692964464426040649e-02,-2.746732234954833984e-01,1.559047400951385498e-01
-6.083403900265693665e-02,1.463142484426498413e-01,5.578351765871047974e-02,3.046227097511291504e-01,-1.966618299484252930e-01,1.410430371761322021e-01,-2.462381422519683838e-01,-1.158799678087234497e-01,2.604804635047912598e-01,-8.879311382770538330e-02,-5.630462989211082458e-02,3.226913511753082275e-01,-1.319859176874160767e-01,4.398195073008537292e-02,2.162016928195953369e-01,1.612501740455627441e-01,-1.515754610300064087e-01,-2.053458392620086670e-01,-2.831014990806579590e-01,-6.147106178104877472e-03,5.337939132004976273e-03,-1.894262284040451050e-01,-3.052265942096710205e-02,-2.997919321060180664e-01,2.054554037749767303e-02,-3.265783190727233887e-01,-3.194596767425537109e-01,-1.857670396566390991e-01,1.245979294180870056e-01,2.200042083859443665e-02,2.550597190856933594e-01,2.066734135150909424e-01
1.813799589872360229e-01,-2.930988743901252747e-02,2.135513583198189735e-03,-1.179231777787208557e-01,-6.702652573585510254e-02,-8.173919469118118286e-02,7.745223492383956909e-02,1.367083843797445297e-02,7.053888589143753052e-02,-2.272567898035049438e-01,3.402487933635711670e-02,-2.184410840272903442e-01,-1.068443208932876587e-01,-1.542410850524902344e-01,-1.236379742622375488e-01,-1.643544137477874756e-01,-1.017292886972427368e-01,-1.749201305210590363e-02,9.099809452891349792e-03,3.478395938873291016e-02,1.650438308715820312e-01,-2.598694711923599243e-02,-2.085510492324829102e-01,1.172735393047332764e-01,-9.801286458969116211e-02,1.894014701247215271e-02,-1.110967323184013367e-01,3.768949583172798157e-02,1.993710100650787354e-01,8.352140337228775024e-02,-2.290852740406990051e-02,-3.828424960374832153e-02
-6.630259100347757339e-03,1.650659739971160889e-01,-1.282855216413736343e-02,-1.449624001979827881e-01,-1.958587020635604858e-02,-2.638087570667266846e-01,2.222390472888946533e-01,2.766444385051727295e-01,2.650021314620971680e-01,-1.731459051370620728e-01,1.466100066900253296e-01,5.088957399129867554e-02,-4.676183685660362244e-02,-2.195567041635513306e-01,1.416444033384323120e-01,-2.547018229961395264e-01,1.600808352231979370e-01,3.072363734245300293e-01,8.796675503253936768e-02,1.603699475526809692e-02,-2.110262960195541382e-01,1.417749524116516113e-01,2.176437824964523315e-01,1.416085809469223022e-01,-1.631764024496078491e-01,2.600312605500221252e-02,2.151475548744201660e-01,-2.075776457786560059e-01,1.921209879219532013e-02,2.445761114358901978e-01,5.085748806595802307e-02,2.969796396791934967e-02
-1.078331470489501953e-01,2.626022696495056152e-01,-4.627878218889236450e-02,3.073402047157287598e-01,2.896873280405998230e-02,2.416166812181472778e-01,-2.354932576417922974e-02,-1.190770268440246582e-01,-2.106882780790328979e-01,-1.215024888515472412e-01,2.513176500797271729e-01,-1.030651200562715530e-02,4.351697862148284912e-02,1.914110183715820312e-01,2.117315679788589478e-01,5.457071587443351746e-02,-2.446750104427337646e-01,2.421197444200515747e-01,1.942718625068664551e-01,1.919339299201965332e-01,-2.592976987361907959e-01,1.831327527761459351e-01,1.476145237684249878e-01,-1.141453981399536133e-01,-1.693437993526458740e-01,2.350268214941024780e-01,-5.666263401508331299e-03,1.595643609762191772e-01,-8.333002217113971710e-03,-1.734940707683563232e-01,-1.008301302790641785e-01,2.018904536962509155e-01
6.942571699619293213e-02,-2.570911347866058350e-01,-1.281938254833221436e-01,1.771955937147140503e-02,2.360323965549468994e-01,2.648327350616455078e-01,3.156907260417938232e-01,1.020593866705894470e-01,-3.143004179000854492e-01,2.176904529333114624e-01,-9.173025935888290405e-02,-1.479252576828002930e-01,2.054691314697265625e-01,-9.301176294684410095e-03,-1.367664337158203125e-01,-2.534232437610626221e-01,-4.116912558674812317e-02,4.134706035256385803e-02,2.905486524105072021e-01,2.825298607349395752e-01,1.576856672763824463e-01,3.051852807402610779e-02,-2.001608461141586304e-01,3.038809597492218018e-01,-6.846921890974044800e-02,1.837295144796371460e-01,-1.923051774501800537e-01,-2.122422913089394569e-03,-1.232173815369606018e-01,-1.638934761285781860e-01,-2.069994807243347168e-01,-1.084258407354354858e-01
2.811507880687713623e-01,1.398129761219024658e-01,-4.523781687021255493e-02,3.837135434150695801e-02,-1.829603463411331177e-01,-1.551260650157928467e-01,-1.747484058141708374e-01,1.833917349576950073e-01,2.924065589904785156e-01,-2.053236663341522217e-01,3.635167479515075684e-01,2.357568591833114624e-01,-2.051103115081787109e-02,-1.870279759168624878e-01,2.185750156641006470e-01,-1.002278178930282593e-01,1.703688502311706543e-01,1.165848970413208008e-01,-1.277830302715301514e-01,1.610374748706817627e-01,2.253145538270473480e-02,2.329171597957611084e-01,2.389800647506490350e-04,4.981503635644912720e-02,-1.440835297107696533e-01,2.537207603454589844e-01,-1.046882420778274536e-01,-1.947416514158248901e-01,1.658146381378173828e-01,1.917132139205932617e-01,-4.290148243308067322e-02,-1.728030443191528320e-01
-8.360424637794494629e-02,-1.104707866907119751e-01,-1.840929985046386719e-01,1.430580615997314453e-01,1.969603598117828369e-01,-1.604866087436676025e-01,8.449207246303558350e-02,-2.949032783508300781e-01,9.854477830231189728e-03,3.313567638397216797e-01,3.069902956485748291e-01,9.910257905721664429e-02,-2.933025546371936798e-02,2.054709047079086304e-01,-8.413498103618621826e-02,-7.862880080938339233e-02,-1.640776991844177246e-01,-1.293049305677413940e-01,-2.527938783168792725e-01,-2.420673817396163940e-01,6.511132419109344482e-02,2.188729792833328247e-01,-8.748824149370193481e-02,2.514986395835876465e-01,2.115961164236068726e-01,2.208979129791259766e-01,3.439995646476745605e-02,-5.300199985504150391e-02,-2.354501485824584961e-01,-2.087095528841018677e-01,-1.026942282915115356e-01,8.512704074382781982e-02
-1.038285670801997185e-03,-1.654290221631526947e-02,1.480329632759094238e-01,-9.762512147426605225e-02,6.911909580230712891e-02,-3.075372576713562012e-01,1.566570997238159180e-01,2.697111666202545166e-01,3.346223533153533936e-01,-1.871327869594097137e-02,1.658175140619277954e-01,3.183375895023345947e-01,-1.183765158057212830e-01,1.976253539323806763e-01,-3.112701475620269775e-01,3.634766340255737305e-01,-1.356641203165054321e-01,3.430690169334411621e-01,-2.340946905314922333e-02,-3.950330615043640137e-01,-1.721329241991043091e-01,2.240294367074966431e-01,-2.217516601085662842e-01,-4.770489409565925598e-02,-1.991065293550491333e-01,-7.985982298851013184e-02,-2.856787145137786865e-01,3.412355855107307434e-02,1.965202093124389648e-01,1.604035645723342896e-01,1.189499869942665100e-01,3.507706522941589355e-02
-1.472922135144472122e-02,5.589000415056943893e-03,4.023528844118118286e-02,1.113968193531036377e-01,-2.247254550457000732e-01,-1.482579410076141357e-01,1.664600223302841187e-01,2.230434417724609375e-01,1.037883311510086060e-01,2.414084076881408691e-01,1.678862124681472778e-01,-9.998652338981628418e-02,-9.816240519285202026e-02,-4.274673759937286377e-02,2.342914044857025146e-01,1.739775538444519043e-01,-2.545374929904937744e-01,-1.851813346147537231e-01,-2.295956909656524658e-01,-3.370748832821846008e-02,1.809069067239761353e-01,2.326277345418930054e-01,-9.255316853523254395e-02,-1.205082237720489502e-01,-2.408423125743865967e-01,1.325057148933410645e-01,1.760037802159786224e-02,-9.890325367450714111e-02,-9.390723705291748047e-02,1.866598129272460938e-01,-1.218259707093238831e-01,-1.556686460971832275e-01
2.888537645339965820e-01,1.284860521554946899e-01,-2.732386067509651184e-02,-5.124481767416000366e-02,2.024707496166229248e-01,-9.661927819252014160e-02,-2.840683758258819580e-01,-2.489537000656127930e-03,2.119430601596832275e-01,-1.984598860144615173e-02,-1.308547556400299072e-01,3.571402132511138916e-01,2.714033424854278564e-01,-2.258327156305313110e-01,-2.427810132503509521e-01,-2.379931509494781494e-02,-1.568296253681182861e-01,-1.823258399963378906e-01,-2.073694467544555664e-01,1.937695443630218506e-01,2.776574790477752686e-01,-3.201605975627899170e-01,1.874436736106872559e-01,9.464452415704727173e-02,-2.504338137805461884e-02,-1.562260389328002930e-01,-2.883185446262359619e-01,-4.092435538768768311e-02,4.221549257636070251e-02,1.779868453741073608e-01,2.366966456174850464e-01,2.075825184583663940e-01
1.670656204223632812e-01,1.659200936555862427e-01,4.172089993953704834e-01,-1.137191802263259888e-01,2.767715156078338623e-01,-1.577192544937133789e-01,8.496252447366714478e-02,-1.395242810249328613e-01,-6.671150028705596924e-02,2.875948138535022736e-02,-2.085303515195846558e-01,5.450269579887390137e-02,-1.388496607542037964e-01,1.082259565591812134e-01,-2.058463245630264282e-01,2.172204852104187012e-01,1.022972539067268372e-01,1.033539790660142899e-02,-2.221012860536575317e-01,-2.412592060863971710e-02,-2.544272840023040771e-01,2.476371079683303833e-01,2.460788488388061523e-01,-2.614188753068447113e-02,-2.869856357574462891e-01,-6.468003243207931519e-02,7.019634544849395752e-02,1.275211870670318604e-01,-5.712683126330375671e-02,-8.156611025333404541e-02,-2.742572501301765442e-02,-1.355018615722656250e-01
-6.919266283512115479e-02,1.765447407960891724e-01,-9.273098409175872803e-02,-3.783152904361486435e-03,-1.369541287422180176e-01,7.798615843057632446e-02,-7.968466728925704956e-02,1.660883054137229919e-02,-2.541518807411193848e-01,3.223835229873657227e-01,2.322667688131332397e-01,-3.881240636110305786e-02,2.161533087491989136e-01,2.387912124395370483e-01,-1.308784335851669312e-01,1.206262484192848206e-01,3.784537687897682190e-02,2.317006886005401611e-01,2.284018136560916901e-02,4.436427261680364609e-04,2.189768850803375244e-01,2.612668573856353760e-01,8.707226067781448364e-02,1.928604245185852051e-01,3.481861576437950134e-02,-2.350617349147796631e-01,-1.300776749849319458e-01,1.922316849231719971e-01,3.043871186673641205e-02,-1.316391974687576294e-01,-1.409714818000793457e-01,1.922374591231346130e-02
-1.351749300956726074e-01,1.460508704185485840e-01,9.175649285316467285e-02,-5.334673821926116943e-02,-7.678681612014770508e-02,1.674626171588897705e-01,2.561712563037872314e-01,2.432679384946823120e-01,-3.460997715592384338e-02,-2.126362770795822144e-01,-1.386514157056808472e-01,-1.320734061300754547e-02,9.703595936298370361e-02,1.575960032641887665e-02,-1.511727422475814819e-01,-2.310168743133544922e-01,6.374246627092361450e-02,-2.492301352322101593e-02,-1.688298285007476807e-01,2.831878364086151123e-01,-5.647251382470130920e-02,9.759087860584259033e-02,-7.209520041942596436e-02,-4.769727587699890137e-02,-1.884854398667812347e-02,2.421328797936439514e-02,3.338138014078140259e-02,-1.585643589496612549e-01,-1.915939897298812866e-01,1.429569628089666367e-02,-2.386149913072586060e-01,3.216629102826118469e-02
2.389575392007827759e-01,-4.577889293432235718e-02,4.739623889327049255e-02,-2.385924607515335083e-01,1.553797274827957153e-01,5.229109525680541992e-02,-2.179199829697608948e-03,7.797577232122421265e-02,-2.054627388715744019e-01,-4.632103070616722107e-02,2.306271046400070190e-01,2.584489285945892334e-01,3.251721616834402084e-03,1.923390105366706848e-02,-7.970738410949707031e-02,-6.931490451097488403e-02,-1.204363778233528137e-01,-2.976919151842594147e-02,5.174656957387924194e-02,1.802150905132293701e-01,-2.594225406646728516e-01,8.426740765571594238e-02,4.962350707501173019e-03,9.134132415056228638e-02,1.389704346656799316e-01,2.519239485263824463e-01,-3.718908131122589111e-01,-2.899561524391174316e-01,-1.572908759117126465e-01,-2.688803672790527344e-01,-4.808772206306457520e-01,4.138690829277038574e-01
3.052179515361785889e-01,3.370088934898376465e-01,1.658181995153427124e-01,-1.886044256389141083e-02,-1.084094643592834473e-01,-1.191163584589958191e-01,-2.114973068237304688e-01,-3.146951198577880859e-01,1.536128018051385880e-02,-1.352265477180480957e-01,-5.025774985551834106e-02,-1.912185922265052795e-02,-4.619969800114631653e-02,-4.921918362379074097e-02,-2.708266675472259521e-01,2.979018688201904297e-01,-7.941181212663650513e-02,-8.058450371026992798e-02,1.025099754333496094e-01,-5.386426672339439392e-02,1.933397650718688965e-01,5.716599896550178528e-02,-1.428850889205932617e-01,2.027436345815658569e-01,-1.865496784448623657e-01,-1.939215064048767090e-01,-3.840653225779533386e-02,2.295491695404052734e-01,2.821786701679229736e-01,8.318234235048294067e-02,-1.576503068208694458e-01,3.298140764236450195e-01
-1.142191514372825623e-01,-7.976718246936798096e-02,1.979153975844383240e-02,-2.230713367462158203e-01,-1.607162803411483765e-01,2.478603124618530273e-01,1.183780357241630554e-01,1.611443050205707550e-02,-3.180511528626084328e-03,2.325299233198165894e-01,1.560802459716796875e-01,9.091482311487197876e-02,-1.395827978849411011e-01,-1.286707967519760132e-01,1.933348923921585083e-01,-7.814912497997283936e-02,-1.712606549263000488e-01,1.176864355802536011e-01,2.883453667163848877e-01,2.039892673492431641e-01,-1.338203698396682739e-01,1.115181893110275269e-01,-2.653700709342956543e-01,-2.460968196392059326e-01,1.539180874824523926e-01,-7.180818915367126465e-02,-1.086180750280618668e-02,-1.819355040788650513e-01,2.642568647861480713e-01,-1.942370980978012085e-01,-3.484661877155303955e-02,-6.447710096836090088e-02
-4.739525262266397476e-03,-1.229223515838384628e-02,1.487045884132385254e-01,4.654591530561447144e-02,2.346521615982055664e-01,2.209786325693130493e-03,-1.502737551927566528e-01,-3.431599140167236328e-01,-2.306560277938842773e-01,-2.233390323817729950e-02,1.302116662263870239e-01,-5.048481374979019165e-02,2.085269540548324585e-01,1.622551083564758301e-01,-1.790777593851089478e-01,-1.249477416276931763e-01,1.177741289138793945e-01,-5.177439749240875244e-02,9.110375493764877319e-02,3.052698075771331787e-01,2.126256935298442841e-02,8.686175942420959473e-02,-5.108185485005378723e-02,7.662953436374664307e-02,-2.076872810721397400e-02,2.738958299160003662e-01,1.828123480081558228e-01,-1.802919656038284302e-01,-1.978122740983963013e-01,-1.045243814587593079e-01,-2.270030975341796875e-01,2.398727238178253174e-01
-1.929407864809036255e-01,7.948748022317886353e-02,-8.087738603353500366e-02,-2.417496591806411743e-01,-3.430099040269851685e-02,2.550247609615325928e-01,3.028739392757415771e-01,-6.543074548244476318e-02,1.459314227104187012e-01,1.778642386198043823e-01,2.811403386294841766e-02,1.518786847591400146e-01,4.979702457785606384e-02,-7.756709307432174683e-02,-7.924022525548934937e-02,1.883260160684585571e-01,-4.444846883416175842e-03,-9.798865765333175659e-02,1.082919239997863770e-01,-2.823980711400508881e-02,-2.017527818679809570e-01,4.315490648150444031e-02,1.091607287526130676e-02,1.086991131305694580e-01,1.064623966813087463e-01,-2.238661050796508789e-01,7.309419661760330200e-02,1.789983958005905151e-01,-1.224687844514846802e-01,6.768135726451873779e-02,-1.572079956531524658e-01,-1.201362460851669312e-01
1.500498652458190918e-01,1.615735441446304321e-01,-2.203653901815414429e-01,-1.182399019598960876e-01,2.253900319337844849e-01,9.770959615707397461e-02,-1.635021865367889404e-01,-2.646432258188724518e-02,-1.958738416433334351e-01,1.533606555312871933e-02,-1.187930256128311157e-01,-6.484922487288713455e-03,2.136491797864437103e-02,-1.812110394239425659e-01,1.111318357288837433e-02,-2.391854077577590942e-01,-9.702713042497634888e-02,-1.525868177413940430e-01,1.473350971937179565e-01,-1.970559954643249512e-01,-1.034434661269187927e-01,1.736420989036560059e-01,-1.059112548828125000e-01,6.121996045112609863e-02,-2.124960273504257202e-01,1.966347098350524902e-01,-8.599265478551387787e-03,1.261766552925109863e-01,-3.839757293462753296e-02,1.872738450765609741e-01,-8.403240144252777100e-02,2.659915760159492493e-02
2.787671685218811035e-01,-1.794414222240447998e-01,9.320484846830368042e-02,-7.891681976616382599e-03,2.513456344604492188e-01,1.193446740508079529e-01,-4.363371431827545166e-02,1.461640149354934692e-01,2.245076596736907959e-01,2.129621505737304688e-01,-2.836309969425201416e-01,2.466683238744735718e-01,-5.776485800743103027e-02,-5.867967754602432251e-02,-3.600343167781829834e-01,-5.586609616875648499e-02,3.600209578871726990e-02,-5.576946213841438293e-02,-2.339808195829391479e-01,1.415849775075912476e-01,-3.792396560311317444e-02,2.087554633617401123e-01,1.903174794279038906e-03,1.835597008466720581e-01,-9.745150059461593628e-02,1.806484609842300415e-01,-1.267385631799697876e-01,-1.208914518356323242e-01,-5.317627266049385071e-02,-1.888388544321060181e-01,-2.751412056386470795e-02,5.759014561772346497e-02
-7.831328362226486206e-02,-1.023298129439353943e-01,1.378557533025741577e-01,-7.709819823503494263e-02,2.252610176801681519e-01,2.155734747648239136e-01,6.042242795228958130e-02,1.612680256366729736e-01,3.171941637992858887e-01,-3.105874918401241302e-02,2.142372876405715942e-01,-6.138816941529512405e-03,2.644231319427490234e-01,1.532327234745025635e-01,2.993377447128295898e-01,-1.183600351214408875e-01,-2.225413471460342407e-01,-8.696566522121429443e-02,1.600308865308761597e-01,-1.929177343845367432e-02,-3.213783726096153259e-02,5.872177332639694214e-02,-1.871776282787322998e-01,-1.254012733697891235e-01,-1.004473567008972168e-01,3.174011111259460449e-01,-3.151442483067512512e-02,1.495354175567626953e-01,-1.344291716814041138e-01,2.691128551959991455e-01,2.686114609241485596e-01,6.666070222854614258e-02
-1.073185205459594727e-01,1.960012763738632202e-01,-2.674296498298645020e-01,-2.247356474399566650e-01,-2.064190655946731567e-01,3.275814950466156006e-01,-1.963819116353988647e-01,2.166183441877365112e-01,-2.853434979915618896e-01,4.360008984804153442e-02,-1.079464331269264221e-03,1.633324623107910156e-01,2.297053486108779907e-01,-1.797259449958801270e-01,1.865826100111007690e-01,-2.190962284803390503e-01,2.202882617712020874e-01,8.887512236833572388e-02,-1.377060264348983765e-01,1.074592396616935730e-01,1.407120972871780396e-01,-2.807421684265136719e-01,2.095125615596771240e-01,-2.562511265277862549e-01,-1.462598592042922974e-01,1.085630804300308228e-01,2.300183475017547607e-01,3.476071655750274658e-01,-2.330432236194610596e-01,-6.477328389883041382e-02,4.491193592548370361e-02,-1.335328370332717896e-01
-6.152221933007240295e-02,1.515882909297943115e-01,1.531112492084503174e-01,-1.520944982767105103e-01,-2.983053624629974365e-01,-3.206144273281097412e-01,5.728514492511749268e-02,1.696572452783584595e-01,-2.578275045379996300e-03,-1.517960131168365479e-01,1.470018029212951660e-01,2.747149169445037842e-01,-2.285874634981155396e-02,2.592002451419830322e-01,-2.413472533226013184e-01,3.104034662246704102e-01,3.721848875284194946e-02,2.360869497060775757e-01,-3.077425956726074219e-01,3.067154586315155029e-01,-1.341210901737213135e-01,2.470045983791351318e-01,-1.843467950820922852e-01,1.335197091102600098e-01,-6.848630309104919434e-02,1.057679504156112671e-01,4.743986576795578003e-02,1.691778600215911865e-01,2.834329009056091309e-01,1.872383952140808105e-01,8.429739624261856079e-02,-5.306851491332054138e-02
4.564696550369262695e-01,1.815767288208007812e-01,9.431505948305130005e-02,-2.565112113952636719e-01,-8.643897250294685364e-03,-2.666854262351989746e-01,1.949494630098342896e-01,-2.019597589969635010e-01,6.769207864999771118e-02,1.034658122807741165e-02,-4.480021074414253235e-02,2.099919319152832031e-01,1.681700050830841064e-01,-1.129657551646232605e-01,-1.763351112604141235e-01,-1.047020331025123596e-01,-1.494584828615188599e-01,3.982867300510406494e-01,2.342397868633270264e-01,5.260595679283142090e-02,3.204523399472236633e-02,2.963223159313201904e-01,-6.406980752944946289e-02,4.026486575603485107e-01,-3.304284438490867615e-02,-4.424252212047576904e-01,-1.794648617506027222e-01,-4.256550967693328857e-01,3.617096841335296631e-01,-3.486298322677612305e-01,-2.041376829147338867e-01,1.580446586012840271e-02
